"id","title","description","link","image_link","price","sale_price","availability","brand","condition","product_type","item_group_id","mpn"
"44216016404577","Choose Yourself Performance Visor - Black","Choose Yourself Performance Visor Designed for movement, mindset, and everyday confidence the Choose Yourself Performance Visor is more than an accessory. It’s a reminder to prioritize your growth, your energy, and your path. With a sleek low-profile fit and lightweight breathable design, this visor is built for active days, outdoor workouts, walks in the sun, travel, tennis sessions, beach days, and effortless everyday styling. Minimal, versatile, and easy to wear it’s the perfect blend of performance and aesthetic. Why You’ll Love It Lightweight & breathable comfort Minimal embroidered “Choose Yourself” design Low-profile athletic fit Adjustable closure for a secure feel Perfect for workouts, travel & casual wear Unisex design with a clean modern look Product Details 97% polyester, 3% spandex Lightweight stretch performance fabric Low-profile visor silhouette Matching undervisor Adjustable hook & loop closure with square ring Comfortable fit for everyday wear Head circumference: 22”–23 ⅜” (56 cm–59 cm) Perfect For Running, tennis, golf, beach days, outdoor workouts, travel outfits, athleisure styling, and everyday minimalist fashion.","https://stillrisingco.com/products/visor?variant=44216016404577","https://cdn.shopify.com/s/files/1/0633/0803/8241/files/visor-black-front-69fde2f929cbb.jpg?v=1778246409","48.00 USD","33.35 USD","in stock","Still Rising Co","new","","7547789017185","6281839_8913"
"44217929498721","Clear Carry Everyday Tote","Minimal, modern, and made to move with you theClear Carry Everyday Tote is your go-anywhere essential for days that need style and function. Designed with a sleek transparent finish and roomy open interior, it’s perfect for carrying your everyday must-haves while keeping your look clean, elevated, and effortlessly cool. From concerts and stadium events to beach days, errands, travel, and everyday outings, this versatile tote is built to handle it all with durability you can rely on and style that stands out. Simple. Practical. Instantly iconic. Why You’ll Love It Modern transparent design for a sleek minimalist look Spacious interior for everyday essentials Lightweight yet durable construction Easy-access open compartment Perfect for stadiums, travel, beach days & daily errands Stylish and functional everyday carry Product Details Durable TPU (clear rubber-like material) 0.02″ (0.5 mm) thick for sturdy everyday use Size: 12″ × 6″ × 12″ (30.5 cm × 15.3 cm × 30.5 cm) Open main compartment for easy access Lightweight and easy to carry Perfect For Concerts, stadium events, travel, beach days, shopping, work essentials, gym days, and everyday minimalist style.","https://stillrisingco.com/products/clear-tote-bag?variant=44217929498721","https://cdn.shopify.com/s/files/1/0633/0803/8241/files/clear-tote-bag-one-size-front-69fdedeb77030.jpg?v=1778249213","45.53 USD","35.07 USD","in stock","Still Rising Co","new","","7547821949025","2263221_23231"
"44216435933281","Denim Hat","Complement your everyday wardrobe with this pigment-dyed denim hat! Made out of 100% cotton, the 6-panel cap offers a light feel, while the adjustable strap ensures a solid and comfortable fit. • 100% cotton • 6-panel unstructured cap with a low profile • Soft crown • 6 sewn eyelets • 4 rows of visible stitching on the visor • Adjustable strap • Head circumference: 21.65″–25.19″ (55 cm–64 cm) • Blank product sourced from China","https://stillrisingco.com/products/denim-hat?variant=44216435933281","https://cdn.shopify.com/s/files/1/0633/0803/8241/files/denim-hat-black-front-69fde63e6272b.jpg?v=1778247249","33.52 USD","","in stock","Still Rising Co","new","","7547794751585","2307476_11983"
"44214918414433","Heartbeat Everyday Cap","A timeless essential with a subtle statement. The Heartbeat Cap blends effortless streetwear style with everyday comfort, featuring a minimalist embroidered heart design that adds the perfect touch of personality to any outfit. Designed for daily wear, this distressed dad hat pairs easily with oversized tees, hoodies, denim, activewear, and casual fits making it your go-to accessory for laid-back days, coffee runs, travel, or weekend styling. Soft, lightweight, and adjustable for the perfect fit, it’s the kind of cap you’ll keep reaching for. Why You’ll Love It Minimal embroidered heart design Soft distressed finish for a relaxed vintage feel Lightweight & breathable everyday comfort Adjustable strap for a custom fit Easy to style with any outfit Unisex streetwear-inspired design Details 100% pre-shrunk cotton twill 6-panel unstructured construction Low-profile fit Adjustable hook-and-loop closure Curved distressed brim Embroidered front graphic Perfect For Everyday wear, casual streetwear outfits, aesthetic fashion lovers, gifting, travel looks, minimalist wardrobes, and effortless off-duty styling.","https://stillrisingco.com/products/distressed-dad-hat?variant=44214918414433","https://cdn.shopify.com/s/files/1/0633/0803/8241/files/distressed-dad-hat-black-front-69fddc03375ba.jpg?v=1778244629","50.00 USD","32.52 USD","in stock","Still Rising Co","new","","7547772239969","8988001_10990"
"44215874551905","Rise Everyday Cap","The Rise Everyday Cap is designed for effortless wear featuring a clean minimalist look, premium organic cotton, and a relaxed fit that works with every outfit. Made from 100% organic cotton, this eco-conscious cap delivers lightweight comfort while keeping your style elevated and understated. Whether you're heading out for coffee, traveling, styling a casual streetwear look, or simply keeping it minimal, this hat is built to become your everyday go-to. Soft, breathable, and made to last because great essentials never go out of style. Why You’ll Love It Crafted from 100% organic cotton Soft, breathable & comfortable for all-day wear Minimal unstructured design for a relaxed fit Adjustable closure for the perfect feel Easy to style with everyday outfits Sustainable fashion essential built for long-term wear Product Details 100% organic cotton Premium 3/1 twill fabric 6-panel unstructured construction Matching sewn eyelets for breathability Adjustable self-fabric closure with brass slider Hidden tuck-in strap design Organic cotton certified under OCS (Organic Content Standard) Perfect For Minimal streetwear looks, everyday styling, travel outfits, casual wear, sustainable fashion lovers, and effortless off-duty aesthetics.","https://stillrisingco.com/products/organic-dad-hat?variant=44215874551905","https://cdn.shopify.com/s/files/1/0633/0803/8241/files/organic-baseball-cap-black-right-front-69fde242764dd.jpg?v=1778246231","48.00 USD","34.74 USD","in stock","Still Rising Co","new","","7547787346017","5940539_12689"
"44215706517601","Shine Everyday Hat","Bring effortless energy to your everyday look with the Shine Everyday Hat a clean, minimal essential designed for comfort, confidence, and easy styling. Featuring a sleek embroidered “Shine” detail, this bucket hat adds the perfect balance of streetwear edge and laid-back versatility to any outfit. Made from breathable cotton twill with a lightweight feel, it’s built for daily wear whether you're heading out for coffee, traveling, exploring the city, styling a casual fit, or enjoying sunny days outdoors. Simple. Wearable. Made to stand out quietly. Why You’ll Love It Minimal embroidered “Shine” design Lightweight & breathable comfort Relaxed everyday streetwear aesthetic Easy to pair with casual outfits Unisex fit for versatile styling Perfect for travel, festivals, beach days & daily wear Product Details 100% cotton twill Soft structured fit Sewn eyelets for breathability Comfortable all-day wear One size fits most Classic bucket hat silhouette Style It With Oversized tees, hoodies, cargos, denim, activewear, sneakers, and everyday minimalist outfits.","https://stillrisingco.com/products/bucket-hat?variant=44215706517601","https://cdn.shopify.com/s/files/1/0633/0803/8241/files/bucket-hat-i-big-accessories-bx003-black-front-69fde159b4acb.jpg?v=1778245990","48.00 USD","34.92 USD","in stock","Still Rising Co","new","","7547785150561","5978148_10735"
"44215118987361","Soft Edge Distressed Cap - Black","The Soft Edge Distressed Cap blends effortless streetwear style with everyday comfort, featuring a minimalist embroidered heart design that adds the perfect touch of personality to any outfit. Designed for daily wear, this distressed dad hat pairs easily with oversized tees, hoodies, denim, activewear, and casual fits — making it your go-to accessory for laid-back days, coffee runs, travel, or weekend styling. Soft, lightweight, and adjustable for the perfect fit, it’s the kind of cap you’ll keep reaching for. Why You’ll Love It Minimal embroidered heart design Soft distressed finish for a relaxed vintage feel Lightweight & breathable everyday comfort Adjustable strap for a custom fit Easy to style with any outfit Unisex streetwear-inspired design Details 100% pre-shrunk cotton twill 6-panel unstructured construction Low-profile fit Adjustable hook-and-loop closure Curved distressed brim Embroidered front graphic Perfect For Everyday wear, casual streetwear outfits, aesthetic fashion lovers, gifting, travel looks, minimalist wardrobes, and effortless off-duty styling.","https://stillrisingco.com/products/distressed-dad-hat-1?variant=44215118987361","https://cdn.shopify.com/s/files/1/0633/0803/8241/files/distressed-dad-hat-black-front-69fddcf379300.jpg?v=1778244871","45.00 USD","34.52 USD","in stock","Still Rising Co","new","","7547775189089","8064426_10990"
"44215119020129","Soft Edge Distressed Cap - Navy","The Soft Edge Distressed Cap blends effortless streetwear style with everyday comfort, featuring a minimalist embroidered heart design that adds the perfect touch of personality to any outfit. Designed for daily wear, this distressed dad hat pairs easily with oversized tees, hoodies, denim, activewear, and casual fits — making it your go-to accessory for laid-back days, coffee runs, travel, or weekend styling. Soft, lightweight, and adjustable for the perfect fit, it’s the kind of cap you’ll keep reaching for. Why You’ll Love It Minimal embroidered heart design Soft distressed finish for a relaxed vintage feel Lightweight & breathable everyday comfort Adjustable strap for a custom fit Easy to style with any outfit Unisex streetwear-inspired design Details 100% pre-shrunk cotton twill 6-panel unstructured construction Low-profile fit Adjustable hook-and-loop closure Curved distressed brim Embroidered front graphic Perfect For Everyday wear, casual streetwear outfits, aesthetic fashion lovers, gifting, travel looks, minimalist wardrobes, and effortless off-duty styling.","https://stillrisingco.com/products/distressed-dad-hat-1?variant=44215119020129","https://cdn.shopify.com/s/files/1/0633/0803/8241/files/distressed-dad-hat-navy-front-69fddcf37f7c6.jpg?v=1778244872","45.54 USD","34.52 USD","in stock","Still Rising Co","new","","7547775189089","8064426_10991"
"44215119052897","Soft Edge Distressed Cap - Charcoal Grey","The Soft Edge Distressed Cap blends effortless streetwear style with everyday comfort, featuring a minimalist embroidered heart design that adds the perfect touch of personality to any outfit. Designed for daily wear, this distressed dad hat pairs easily with oversized tees, hoodies, denim, activewear, and casual fits — making it your go-to accessory for laid-back days, coffee runs, travel, or weekend styling. Soft, lightweight, and adjustable for the perfect fit, it’s the kind of cap you’ll keep reaching for. Why You’ll Love It Minimal embroidered heart design Soft distressed finish for a relaxed vintage feel Lightweight & breathable everyday comfort Adjustable strap for a custom fit Easy to style with any outfit Unisex streetwear-inspired design Details 100% pre-shrunk cotton twill 6-panel unstructured construction Low-profile fit Adjustable hook-and-loop closure Curved distressed brim Embroidered front graphic Perfect For Everyday wear, casual streetwear outfits, aesthetic fashion lovers, gifting, travel looks, minimalist wardrobes, and effortless off-duty styling.","https://stillrisingco.com/products/distressed-dad-hat-1?variant=44215119052897","https://cdn.shopify.com/s/files/1/0633/0803/8241/files/distressed-dad-hat-charcoal-grey-front-69fddcf37f664.jpg?v=1778244872","45.54 USD","34.52 USD","in stock","Still Rising Co","new","","7547775189089","8064426_10992"
"44215119085665","Soft Edge Distressed Cap - Khaki","The Soft Edge Distressed Cap blends effortless streetwear style with everyday comfort, featuring a minimalist embroidered heart design that adds the perfect touch of personality to any outfit. Designed for daily wear, this distressed dad hat pairs easily with oversized tees, hoodies, denim, activewear, and casual fits — making it your go-to accessory for laid-back days, coffee runs, travel, or weekend styling. Soft, lightweight, and adjustable for the perfect fit, it’s the kind of cap you’ll keep reaching for. Why You’ll Love It Minimal embroidered heart design Soft distressed finish for a relaxed vintage feel Lightweight & breathable everyday comfort Adjustable strap for a custom fit Easy to style with any outfit Unisex streetwear-inspired design Details 100% pre-shrunk cotton twill 6-panel unstructured construction Low-profile fit Adjustable hook-and-loop closure Curved distressed brim Embroidered front graphic Perfect For Everyday wear, casual streetwear outfits, aesthetic fashion lovers, gifting, travel looks, minimalist wardrobes, and effortless off-duty styling.","https://stillrisingco.com/products/distressed-dad-hat-1?variant=44215119085665","https://cdn.shopify.com/s/files/1/0633/0803/8241/files/distressed-dad-hat-khaki-front-69fddcf37f706.jpg?v=1778244872","45.54 USD","34.52 USD","in stock","Still Rising Co","new","","7547775189089","8064426_10993"
"44217111511137","Still Rising Reversible Hat - XS","Two looks. One essential. The Still Rising Reversible Hat is designed for effortless versatility, giving you the freedom to switch up your style anytime, anywhere. With a fully reversible design and premium breathable fabric, this bucket hat easily adapts to every outfit, mood, and moment. Crafted with lightweight moisture-wicking material and a soft linen-like feel, it keeps you cool and comfortable whether you're exploring the city, traveling, heading to festivals, relaxing at the beach, or styling everyday streetwear looks. Minimal, functional, and made to stand out from both sides. Why You’ll Love It Reversible 2-in-1 design for versatile styling Breathable moisture-wicking fabric for all-day comfort Soft premium linen-feel material Lightweight and easy to wear Perfect for streetwear, travel & outdoor days Unisex fit with a clean modern aesthetic Product Details 100% premium polyester Fabric weight: 8.1 oz/yd² (275 g/m²) Moisture-wicking & breathable fabric Soft linen-like texture Fully reversible construction Available in XS, S/M, and L/XL sizes Perfect For Streetwear outfits, travel looks, beach days, festivals, casual everyday wear, outdoor adventures, and minimalist fashion styling.","https://stillrisingco.com/products/reversible-bucket-hat?variant=44217111511137","https://cdn.shopify.com/s/files/1/0633/0803/8241/files/all-over-print-reversible-bucket-hat-white-left-front-outside-69fde99cf0587.jpg?v=1778248123","50.00 USD","45.32 USD","in stock","Still Rising Co","new","","7547806842977","8089669_19255"
"44217111543905","Still Rising Reversible Hat - S/M","Two looks. One essential. The Still Rising Reversible Hat is designed for effortless versatility, giving you the freedom to switch up your style anytime, anywhere. With a fully reversible design and premium breathable fabric, this bucket hat easily adapts to every outfit, mood, and moment. Crafted with lightweight moisture-wicking material and a soft linen-like feel, it keeps you cool and comfortable whether you're exploring the city, traveling, heading to festivals, relaxing at the beach, or styling everyday streetwear looks. Minimal, functional, and made to stand out from both sides. Why You’ll Love It Reversible 2-in-1 design for versatile styling Breathable moisture-wicking fabric for all-day comfort Soft premium linen-feel material Lightweight and easy to wear Perfect for streetwear, travel & outdoor days Unisex fit with a clean modern aesthetic Product Details 100% premium polyester Fabric weight: 8.1 oz/yd² (275 g/m²) Moisture-wicking & breathable fabric Soft linen-like texture Fully reversible construction Available in XS, S/M, and L/XL sizes Perfect For Streetwear outfits, travel looks, beach days, festivals, casual everyday wear, outdoor adventures, and minimalist fashion styling.","https://stillrisingco.com/products/reversible-bucket-hat?variant=44217111543905","https://cdn.shopify.com/s/files/1/0633/0803/8241/files/all-over-print-reversible-bucket-hat-white-left-front-outside-69fde99cf0587.jpg?v=1778248123","55.00 USD","44.32 USD","in stock","Still Rising Co","new","","7547806842977","8089669_16360"
"44217111576673","Still Rising Reversible Hat - L/XL","Two looks. One essential. The Still Rising Reversible Hat is designed for effortless versatility, giving you the freedom to switch up your style anytime, anywhere. With a fully reversible design and premium breathable fabric, this bucket hat easily adapts to every outfit, mood, and moment. Crafted with lightweight moisture-wicking material and a soft linen-like feel, it keeps you cool and comfortable whether you're exploring the city, traveling, heading to festivals, relaxing at the beach, or styling everyday streetwear looks. Minimal, functional, and made to stand out from both sides. Why You’ll Love It Reversible 2-in-1 design for versatile styling Breathable moisture-wicking fabric for all-day comfort Soft premium linen-feel material Lightweight and easy to wear Perfect for streetwear, travel & outdoor days Unisex fit with a clean modern aesthetic Product Details 100% premium polyester Fabric weight: 8.1 oz/yd² (275 g/m²) Moisture-wicking & breathable fabric Soft linen-like texture Fully reversible construction Available in XS, S/M, and L/XL sizes Perfect For Streetwear outfits, travel looks, beach days, festivals, casual everyday wear, outdoor adventures, and minimalist fashion styling.","https://stillrisingco.com/products/reversible-bucket-hat?variant=44217111576673","https://cdn.shopify.com/s/files/1/0633/0803/8241/files/all-over-print-reversible-bucket-hat-white-left-front-outside-69fde99cf0587.jpg?v=1778248123","60.00 USD","47.32 USD","in stock","Still Rising Co","new","","7547806842977","8089669_16361"
"44216330748001","Vintage Cotton Twill Cap - Black","Everybody knows that dad caps are no longer just for dads, so get an embroidered cotton twill cap for yourself! This one's really special thanks to the intricate embroidery detail and the washed out vintage feel. • 100% cotton twill • 6-panel unstructured cap with a low profile • 6 sewn eyelets • Black sweatband • Metal snap buckle with an antique brass finish • Washed-out vintage effect • Blank product sourced from China","https://stillrisingco.com/products/vintage-cotton-twill-cap-1?variant=44216330748001","https://cdn.shopify.com/s/files/1/0633/0803/8241/files/vintage-cap-black-front-69fde5a9e263f.jpg?v=1778247121","35.84 USD","","in stock","Still Rising Co","new","","7547793408097","1697794_9791"
"44216330780769","Vintage Cotton Twill Cap - Navy","Everybody knows that dad caps are no longer just for dads, so get an embroidered cotton twill cap for yourself! This one's really special thanks to the intricate embroidery detail and the washed out vintage feel. • 100% cotton twill • 6-panel unstructured cap with a low profile • 6 sewn eyelets • Black sweatband • Metal snap buckle with an antique brass finish • Washed-out vintage effect • Blank product sourced from China","https://stillrisingco.com/products/vintage-cotton-twill-cap-1?variant=44216330780769","https://cdn.shopify.com/s/files/1/0633/0803/8241/files/vintage-cap-navy-front-69fde5a9e27ea.jpg?v=1778247121","35.84 USD","","in stock","Still Rising Co","new","","7547793408097","1697794_9792"
"44216330813537","Vintage Cotton Twill Cap - Maroon","Everybody knows that dad caps are no longer just for dads, so get an embroidered cotton twill cap for yourself! This one's really special thanks to the intricate embroidery detail and the washed out vintage feel. • 100% cotton twill • 6-panel unstructured cap with a low profile • 6 sewn eyelets • Black sweatband • Metal snap buckle with an antique brass finish • Washed-out vintage effect • Blank product sourced from China","https://stillrisingco.com/products/vintage-cotton-twill-cap-1?variant=44216330813537","https://cdn.shopify.com/s/files/1/0633/0803/8241/files/vintage-cap-maroon-front-69fde5a9e2773.jpg?v=1778247122","35.84 USD","","in stock","Still Rising Co","new","","7547793408097","1697794_9793"
"44216330846305","Vintage Cotton Twill Cap - Red","Everybody knows that dad caps are no longer just for dads, so get an embroidered cotton twill cap for yourself! This one's really special thanks to the intricate embroidery detail and the washed out vintage feel. • 100% cotton twill • 6-panel unstructured cap with a low profile • 6 sewn eyelets • Black sweatband • Metal snap buckle with an antique brass finish • Washed-out vintage effect • Blank product sourced from China","https://stillrisingco.com/products/vintage-cotton-twill-cap-1?variant=44216330846305","https://cdn.shopify.com/s/files/1/0633/0803/8241/files/vintage-cap-red-front-69fde5a9e28e0.jpg?v=1778247122","35.84 USD","","in stock","Still Rising Co","new","","7547793408097","1697794_16747"
"44216330879073","Vintage Cotton Twill Cap - Pink","Everybody knows that dad caps are no longer just for dads, so get an embroidered cotton twill cap for yourself! This one's really special thanks to the intricate embroidery detail and the washed out vintage feel. • 100% cotton twill • 6-panel unstructured cap with a low profile • 6 sewn eyelets • Black sweatband • Metal snap buckle with an antique brass finish • Washed-out vintage effect • Blank product sourced from China","https://stillrisingco.com/products/vintage-cotton-twill-cap-1?variant=44216330879073","https://cdn.shopify.com/s/files/1/0633/0803/8241/files/vintage-cap-pink-front-69fde5a9e286b.jpg?v=1778247122","35.84 USD","","in stock","Still Rising Co","new","","7547793408097","1697794_16749"
"44216330911841","Vintage Cotton Twill Cap - Charcoal Grey","Everybody knows that dad caps are no longer just for dads, so get an embroidered cotton twill cap for yourself! This one's really special thanks to the intricate embroidery detail and the washed out vintage feel. • 100% cotton twill • 6-panel unstructured cap with a low profile • 6 sewn eyelets • Black sweatband • Metal snap buckle with an antique brass finish • Washed-out vintage effect • Blank product sourced from China","https://stillrisingco.com/products/vintage-cotton-twill-cap-1?variant=44216330911841","https://cdn.shopify.com/s/files/1/0633/0803/8241/files/vintage-cap-charcoal-grey-front-69fde5a9e26ec.jpg?v=1778247122","35.84 USD","","in stock","Still Rising Co","new","","7547793408097","1697794_10803"
"44216056807521","Vintage Essential Cap","Effortlessly cool with a perfectly worn-in feel the Vintage Essential Cap is designed to bring timeless style to your daily rotation. Featuring premium embroidery details and a washed vintage finish, this cap delivers that relaxed, lived-in aesthetic that never goes out of style. Made from soft cotton twill with an unstructured low-profile fit, it’s lightweight, comfortable, and easy to pair with everything from oversized tees and hoodies to activewear and everyday streetwear looks. Minimal. Versatile. Built for everyday expression. Why You’ll Love It Premium embroidered front design Washed vintage finish for a relaxed worn-in look Lightweight comfort for all-day wear Adjustable metal buckle closure Easy-to-style minimalist aesthetic Unisex fit for everyday versatility Product Details 100% cotton twill 6-panel unstructured construction Low-profile relaxed fit Sewn eyelets for breathability Black sweatband for added comfort Adjustable metal snap buckle with antique brass finish Soft washed-out vintage effect Perfect For Streetwear styling, everyday outfits, coffee runs, travel looks, casual fashion, minimalist wardrobes, and effortless off-duty fits.","https://stillrisingco.com/products/vintage-cotton-twill-cap?variant=44216056807521","https://cdn.shopify.com/s/files/1/0633/0803/8241/files/vintage-cap-black-front-69fde42a77610.jpg?v=1778246716","48.00 USD","36.84 USD","in stock","Still Rising Co","new","","7547789770849","8167459_9791"
